{
    "sampleRateInHz": 44100.0,
    "startTimestamp": "2022-03-09T13:38:09.342708108Z",
    "temperatureInC": 20.0,
    "targetFocalPoints": [
        {
            "label": "JP",
            "point": [
                0.0,
                0.1,
                2.0
            ],
            "intervals": [
                [
                    5.4,
                    11.3
                ],
                [
                    17.6,
                    23.9
                ]
            ]
        },
        {
            "label": "Peter",
            "point": [
                0.9,
                0.7,
                2.0
            ],
            "intervals": [
                [
                    12,
                    22
                ]
            ]
        }
    ],
    "arrayLookDirection": [
        0,
        0,
        1
    ],
    "arrayCoordinatesInMeters": {
        "x": [
            -0.15299999713897705,
            -0.11900000274181366,
            -0.08500000089406967,
            -0.050999999046325684,
            -0.017000000923871994,
            0.017000000923871994,
            0.050999999046325684,
            0.08500000089406967,
            0.11900000274181366,
            0.15299999713897705,
            -0.15299999713897705,
            -0.11900000274181366,
            -0.08500000089406967,
            -0.050999999046325684,
            -0.017000000923871994,
            0.017000000923871994,
            0.050999999046325684,
            0.08500000089406967,
            0.11900000274181366,
            0.15299999713897705,
            -0.15299999713897705,
            -0.11900000274181366,
            -0.08500000089406967,
            -0.050999999046325684,
            -0.017000000923871994,
            -0.017000000923871994,
            0.050999999046325684,
            0.08500000089406967,
            0.11900000274181366,
            0.15299999713897705,
            -0.15299999713897705,
            -0.11900000274181366,
            -0.08500000089406967,
            -0.050999999046325684,
            0.017000000923871994,
            0.017000000923871994,
            0.050999999046325684,
            0.08500000089406967,
            0.11900000274181366,
            0.15299999713897705,
            -0.15299999713897705,
            -0.11900000274181366,
            -0.08500000089406967,
            -0.050999999046325684,
            -0.017000000923871994,
            -0.017000000923871994,
            0.050999999046325684,
            0.08500000089406967,
            0.11900000274181366,
            0.15299999713897705,
            -0.15299999713897705,
            -0.11900000274181366,
            -0.08500000089406967,
            -0.050999999046325684,
            0.017000000923871994,
            0.017000000923871994,
            0.050999999046325684,
            0.08500000089406967,
            0.11900000274181366,
            0.15299999713897705
        ],
        "y": [
            0.08500000089406967,
            0.08500000089406967,
            0.08500000089406967,
            0.08500000089406967,
            0.08500000089406967,
            0.08500000089406967,
            0.08500000089406967,
            0.08500000089406967,
            0.08500000089406967,
            0.08500000089406967,
            0.050999999046325684,
            0.050999999046325684,
            0.050999999046325684,
            0.050999999046325684,
            0.050999999046325684,
            0.050999999046325684,
            0.050999999046325684,
            0.050999999046325684,
            0.050999999046325684,
            0.050999999046325684,
            0.017000000923871994,
            0.017000000923871994,
            0.017000000923871994,
            0.017000000923871994,
            0.017000000923871994,
            -0.017000000923871994,
            0.017000000923871994,
            0.017000000923871994,
            0.017000000923871994,
            0.017000000923871994,
            -0.017000000923871994,
            -0.017000000923871994,
            -0.017000000923871994,
            -0.017000000923871994,
            0.017000000923871994,
            -0.017000000923871994,
            -0.017000000923871994,
            -0.017000000923871994,
            -0.017000000923871994,
            -0.017000000923871994,
            -0.050999999046325684,
            -0.050999999046325684,
            -0.050999999046325684,
            -0.050999999046325684,
            -0.050999999046325684,
            -0.08500000089406967,
            -0.050999999046325684,
            -0.050999999046325684,
            -0.050999999046325684,
            -0.050999999046325684,
            -0.08500000089406967,
            -0.08500000089406967,
            -0.08500000089406967,
            -0.08500000089406967,
            -0.050999999046325684,
            -0.08500000089406967,
            -0.08500000089406967,
            -0.08500000089406967,
            -0.08500000089406967,
            -0.08500000089406967
        ],
        "z": [
            0.0,
            0.0,
            0.0,
            0.0,
            0.0,
            0.0,
            0.0,
            0.0,
            0.0,
            0.0,
            0.0,
            0.0,
            0.0,
            0.0,
            0.0,
            0.0,
            0.0,
            0.0,
            0.0,
            0.0,
            0.0,
            0.0,
            0.0,
            0.0,
            0.0,
            0.0,
            0.0,
            0.0,
            0.0,
            0.0,
            0.0,
            0.0,
            0.0,
            0.0,
            0.0,
            0.0,
            0.0,
            0.0,
            0.0,
            0.0,
            0.0,
            0.0,
            0.0,
            0.0,
            0.0,
            0.0,
            0.0,
            0.0,
            0.0,
            0.0,
            0.0,
            0.0,
            0.0,
            0.0,
            0.0,
            0.0,
            0.0,
            0.0,
            0.0,
            0.0
        ]
    }
}